sport,tournament,year,team_player,decimal_odds,implied_prob_raw,implied_prob,outcome
fifa,world_cup,1998,Brazil,3.5,0.28571,0.22794,0
fifa,world_cup,1998,France,7.0,0.14286,0.11397,1
fifa,world_cup,1998,Germany,6.5,0.15385,0.12274,0
fifa,world_cup,1998,Italy,7.5,0.13333,0.10637,0
fifa,world_cup,1998,Argentina,8.0,0.125,0.09973,0
fifa,world_cup,1998,England,11.0,0.09091,0.07253,0
fifa,world_cup,1998,Spain,11.0,0.09091,0.07253,0
fifa,world_cup,1998,Netherlands,13.0,0.07692,0.06137,0
fifa,world_cup,1998,Romania,21.0,0.04762,0.03799,0
fifa,world_cup,1998,Nigeria,26.0,0.03846,0.03068,0
fifa,world_cup,1998,Colombia,34.0,0.02941,0.02346,0
fifa,world_cup,1998,Yugoslavia,26.0,0.03846,0.03068,0
fifa,world_cup,2002,France,4.5,0.22222,0.19798,0
fifa,world_cup,2002,Argentina,5.0,0.2,0.17818,0
fifa,world_cup,2002,Brazil,6.0,0.16667,0.14848,1
fifa,world_cup,2002,Italy,8.0,0.125,0.11136,0
fifa,world_cup,2002,England,9.0,0.11111,0.09899,0
fifa,world_cup,2002,Germany,14.0,0.07143,0.06364,0
fifa,world_cup,2002,Spain,11.0,0.09091,0.08099,0
fifa,world_cup,2002,Portugal,17.0,0.05882,0.05241,0
fifa,world_cup,2002,Netherlands,51.0,0.01961,0.01747,0
fifa,world_cup,2002,Japan,67.0,0.01493,0.0133,0
fifa,world_cup,2002,South Korea,81.0,0.01235,0.011,0
fifa,world_cup,2002,Mexico,34.0,0.02941,0.0262,0
fifa,world_cup,2006,Brazil,3.25,0.30769,0.28616,0
fifa,world_cup,2006,England,7.5,0.13333,0.124,0
fifa,world_cup,2006,Germany,8.0,0.125,0.11625,0
fifa,world_cup,2006,Italy,10.0,0.1,0.093,1
fifa,world_cup,2006,Argentina,8.5,0.11765,0.10941,0
fifa,world_cup,2006,France,13.0,0.07692,0.07154,0
fifa,world_cup,2006,Spain,13.0,0.07692,0.07154,0
fifa,world_cup,2006,Netherlands,17.0,0.05882,0.05471,0
fifa,world_cup,2006,Portugal,29.0,0.03448,0.03207,0
fifa,world_cup,2006,Czech Rep.,51.0,0.01961,0.01824,0
fifa,world_cup,2006,Mexico,67.0,0.01493,0.01388,0
fifa,world_cup,2006,USA,101.0,0.0099,0.00921,0
fifa,world_cup,2010,Spain,5.5,0.18182,0.17675,1
fifa,world_cup,2010,Brazil,5.0,0.2,0.19443,0
fifa,world_cup,2010,England,7.5,0.13333,0.12962,0
fifa,world_cup,2010,Argentina,8.0,0.125,0.12152,0
fifa,world_cup,2010,Germany,13.0,0.07692,0.07478,0
fifa,world_cup,2010,Italy,17.0,0.05882,0.05718,0
fifa,world_cup,2010,Netherlands,13.0,0.07692,0.07478,0
fifa,world_cup,2010,France,19.0,0.05263,0.05116,0
fifa,world_cup,2010,Portugal,23.0,0.04348,0.04227,0
fifa,world_cup,2010,Ivory Coast,36.0,0.02778,0.027,0
fifa,world_cup,2010,Mexico,67.0,0.01493,0.01451,0
fifa,world_cup,2010,USA,81.0,0.01235,0.012,0
fifa,world_cup,2010,Uruguay,81.0,0.01235,0.012,0
fifa,world_cup,2010,Ghana,81.0,0.01235,0.012,0
fifa,world_cup,2014,Brazil,3.5,0.28571,0.25028,0
fifa,world_cup,2014,Argentina,5.0,0.2,0.17519,0
fifa,world_cup,2014,Germany,6.5,0.15385,0.13477,1
fifa,world_cup,2014,Spain,7.0,0.14286,0.12514,0
fifa,world_cup,2014,Belgium,15.0,0.06667,0.0584,0
fifa,world_cup,2014,Netherlands,21.0,0.04762,0.04171,0
fifa,world_cup,2014,France,21.0,0.04762,0.04171,0
fifa,world_cup,2014,Italy,26.0,0.03846,0.03369,0
fifa,world_cup,2014,England,29.0,0.03448,0.03021,0
fifa,world_cup,2014,Portugal,29.0,0.03448,0.03021,0
fifa,world_cup,2014,Colombia,34.0,0.02941,0.02576,0
fifa,world_cup,2014,Uruguay,34.0,0.02941,0.02576,0
fifa,world_cup,2014,Chile,41.0,0.02439,0.02137,0
fifa,world_cup,2014,USA,151.0,0.00662,0.0058,0
fifa,world_cup,2018,Brazil,5.0,0.2,0.18802,0
fifa,world_cup,2018,Germany,5.5,0.18182,0.17093,0
fifa,world_cup,2018,Spain,7.0,0.14286,0.1343,0
fifa,world_cup,2018,France,7.5,0.13333,0.12535,1
fifa,world_cup,2018,Argentina,10.0,0.1,0.09401,0
fifa,world_cup,2018,Belgium,12.0,0.08333,0.07834,0
fifa,world_cup,2018,England,17.0,0.05882,0.0553,0
fifa,world_cup,2018,Portugal,26.0,0.03846,0.03616,0
fifa,world_cup,2018,Uruguay,34.0,0.02941,0.02765,0
fifa,world_cup,2018,Croatia,34.0,0.02941,0.02765,0
fifa,world_cup,2018,Colombia,41.0,0.02439,0.02293,0
fifa,world_cup,2018,Poland,51.0,0.01961,0.01843,0
fifa,world_cup,2018,Mexico,81.0,0.01235,0.01161,0
fifa,world_cup,2018,Russia,101.0,0.0099,0.00931,0
fifa,world_cup,2022,Brazil,4.5,0.22222,0.18757,0
fifa,world_cup,2022,France,6.0,0.16667,0.14068,0
fifa,world_cup,2022,England,8.0,0.125,0.10551,0
fifa,world_cup,2022,Argentina,8.5,0.11765,0.0993,1
fifa,world_cup,2022,Spain,10.0,0.1,0.08441,0
fifa,world_cup,2022,Germany,11.0,0.09091,0.07673,0
fifa,world_cup,2022,Netherlands,11.0,0.09091,0.07673,0
fifa,world_cup,2022,Portugal,13.0,0.07692,0.06493,0
fifa,world_cup,2022,Belgium,13.0,0.07692,0.06493,0
fifa,world_cup,2022,Uruguay,26.0,0.03846,0.03246,0
fifa,world_cup,2022,Denmark,34.0,0.02941,0.02483,0
fifa,world_cup,2022,Croatia,41.0,0.02439,0.02059,0
fifa,world_cup,2022,USA,126.0,0.00794,0.0067,0
fifa,world_cup,2022,Mexico,81.0,0.01235,0.01042,0
fifa,world_cup,2022,Morocco,201.0,0.00498,0.0042,0
fifa,euros,2008,Germany,6.0,0.16667,0.17495,0
fifa,euros,2008,Italy,7.0,0.14286,0.14996,0
fifa,euros,2008,France,7.5,0.13333,0.13996,0
fifa,euros,2008,Spain,7.5,0.13333,0.13996,1
fifa,euros,2008,Portugal,9.0,0.11111,0.11664,0
fifa,euros,2008,Netherlands,11.0,0.09091,0.09543,0
fifa,euros,2008,Croatia,21.0,0.04762,0.04999,0
fifa,euros,2008,Czech Rep.,26.0,0.03846,0.04037,0
fifa,euros,2008,Greece,34.0,0.02941,0.03087,0
fifa,euros,2008,Sweden,41.0,0.02439,0.0256,0
fifa,euros,2008,Russia,51.0,0.01961,0.02058,0
fifa,euros,2008,Turkey,67.0,0.01493,0.01567,0
fifa,euros,2012,Spain,4.5,0.22222,0.22015,1
fifa,euros,2012,Germany,4.0,0.25,0.24766,0
fifa,euros,2012,Netherlands,8.0,0.125,0.12383,0
fifa,euros,2012,England,13.0,0.07692,0.0762,0
fifa,euros,2012,Italy,15.0,0.06667,0.06604,0
fifa,euros,2012,France,11.0,0.09091,0.09006,0
fifa,euros,2012,Portugal,17.0,0.05882,0.05827,0
fifa,euros,2012,Russia,21.0,0.04762,0.04717,0
fifa,euros,2012,Croatia,34.0,0.02941,0.02914,0
fifa,euros,2012,Sweden,51.0,0.01961,0.01942,0
fifa,euros,2012,Greece,101.0,0.0099,0.00981,0
fifa,euros,2012,Ukraine,81.0,0.01235,0.01223,0
fifa,euros,2016,Germany,5.0,0.2,0.20003,0
fifa,euros,2016,France,4.5,0.22222,0.22226,0
fifa,euros,2016,Spain,6.5,0.15385,0.15387,0
fifa,euros,2016,England,11.0,0.09091,0.09092,0
fifa,euros,2016,Belgium,11.0,0.09091,0.09092,0
fifa,euros,2016,Italy,15.0,0.06667,0.06668,0
fifa,euros,2016,Portugal,23.0,0.04348,0.04349,1
fifa,euros,2016,Croatia,23.0,0.04348,0.04349,0
fifa,euros,2016,Poland,34.0,0.02941,0.02942,0
fifa,euros,2016,Russia,34.0,0.02941,0.02942,0
fifa,euros,2016,Switzerland,51.0,0.01961,0.01961,0
fifa,euros,2016,Wales,101.0,0.0099,0.0099,0
fifa,euros,2020,France,5.5,0.18182,0.16336,0
fifa,euros,2020,England,6.0,0.16667,0.14975,0
fifa,euros,2020,Belgium,7.0,0.14286,0.12835,0
fifa,euros,2020,Germany,8.0,0.125,0.11231,0
fifa,euros,2020,Spain,9.0,0.11111,0.09983,0
fifa,euros,2020,Portugal,9.0,0.11111,0.09983,0
fifa,euros,2020,Netherlands,11.0,0.09091,0.08168,0
fifa,euros,2020,Italy,11.0,0.09091,0.08168,1
fifa,euros,2020,Croatia,26.0,0.03846,0.03456,0
fifa,euros,2020,Denmark,51.0,0.01961,0.01762,0
fifa,euros,2020,Switzerland,51.0,0.01961,0.01762,0
fifa,euros,2020,Poland,67.0,0.01493,0.01341,0
fifa,euros,2024,France,4.5,0.22222,0.19247,0
fifa,euros,2024,England,4.5,0.22222,0.19247,0
fifa,euros,2024,Germany,7.5,0.13333,0.11548,0
fifa,euros,2024,Spain,8.0,0.125,0.10826,1
fifa,euros,2024,Portugal,10.0,0.1,0.08661,0
fifa,euros,2024,Netherlands,13.0,0.07692,0.06662,0
fifa,euros,2024,Italy,13.0,0.07692,0.06662,0
fifa,euros,2024,Belgium,13.0,0.07692,0.06662,0
fifa,euros,2024,Croatia,21.0,0.04762,0.04124,0
fifa,euros,2024,Denmark,34.0,0.02941,0.02547,0
fifa,euros,2024,Switzerland,41.0,0.02439,0.02112,0
fifa,euros,2024,Austria,51.0,0.01961,0.01698,0
fifa,copa_america,2015,Argentina,2.5,0.4,0.34526,0
fifa,copa_america,2015,Brazil,4.0,0.25,0.21579,0
fifa,copa_america,2015,Chile,6.0,0.16667,0.14386,1
fifa,copa_america,2015,Colombia,9.0,0.11111,0.09591,0
fifa,copa_america,2015,Uruguay,11.0,0.09091,0.07847,0
fifa,copa_america,2015,Mexico,26.0,0.03846,0.0332,0
fifa,copa_america,2015,Peru,34.0,0.02941,0.02539,0
fifa,copa_america,2015,Ecuador,51.0,0.01961,0.01692,0
fifa,copa_america,2015,Paraguay,34.0,0.02941,0.02539,0
fifa,copa_america,2015,Bolivia,151.0,0.00662,0.00572,0
fifa,copa_america,2015,Venezuela,81.0,0.01235,0.01066,0
fifa,copa_america,2015,Jamaica,251.0,0.00398,0.00344,0
fifa,copa_america,2016,Argentina,2.6,0.38462,0.34542,0
fifa,copa_america,2016,Brazil,4.5,0.22222,0.19957,0
fifa,copa_america,2016,Chile,7.0,0.14286,0.1283,1
fifa,copa_america,2016,Colombia,11.0,0.09091,0.08164,0
fifa,copa_america,2016,Uruguay,11.0,0.09091,0.08164,0
fifa,copa_america,2016,Mexico,17.0,0.05882,0.05283,0
fifa,copa_america,2016,USA,21.0,0.04762,0.04277,0
fifa,copa_america,2016,Peru,41.0,0.02439,0.0219,0
fifa,copa_america,2016,Ecuador,51.0,0.01961,0.01761,0
fifa,copa_america,2016,Paraguay,51.0,0.01961,0.01761,0
fifa,copa_america,2016,Costa Rica,126.0,0.00794,0.00713,0
fifa,copa_america,2016,Bolivia,251.0,0.00398,0.00358,0
fifa,copa_america,2019,Brazil,2.6,0.38462,0.33488,1
fifa,copa_america,2019,Argentina,4.0,0.25,0.21767,0
fifa,copa_america,2019,Uruguay,6.0,0.16667,0.14512,0
fifa,copa_america,2019,Colombia,10.0,0.1,0.08707,0
fifa,copa_america,2019,Chile,11.0,0.09091,0.07915,0
fifa,copa_america,2019,Peru,17.0,0.05882,0.05122,0
fifa,copa_america,2019,Paraguay,34.0,0.02941,0.02561,0
fifa,copa_america,2019,Ecuador,51.0,0.01961,0.01707,0
fifa,copa_america,2019,Venezuela,51.0,0.01961,0.01707,0
fifa,copa_america,2019,Japan,81.0,0.01235,0.01075,0
fifa,copa_america,2019,Qatar,101.0,0.0099,0.00862,0
fifa,copa_america,2019,Bolivia,151.0,0.00662,0.00577,0
fifa,copa_america,2021,Brazil,2.6,0.38462,0.34934,0
fifa,copa_america,2021,Argentina,4.0,0.25,0.22707,1
fifa,copa_america,2021,Uruguay,7.0,0.14286,0.12975,0
fifa,copa_america,2021,Colombia,11.0,0.09091,0.08257,0
fifa,copa_america,2021,Chile,11.0,0.09091,0.08257,0
fifa,copa_america,2021,Peru,17.0,0.05882,0.05343,0
fifa,copa_america,2021,Paraguay,29.0,0.03448,0.03132,0
fifa,copa_america,2021,Ecuador,34.0,0.02941,0.02671,0
fifa,copa_america,2021,Venezuela,81.0,0.01235,0.01121,0
fifa,copa_america,2021,Bolivia,151.0,0.00662,0.00602,0
fifa,copa_america,2024,Argentina,2.5,0.4,0.33933,1
fifa,copa_america,2024,Brazil,4.5,0.22222,0.18852,0
fifa,copa_america,2024,Uruguay,7.5,0.13333,0.11311,0
fifa,copa_america,2024,Colombia,9.0,0.11111,0.09426,0
fifa,copa_america,2024,USA,13.0,0.07692,0.06526,0
fifa,copa_america,2024,Mexico,17.0,0.05882,0.0499,0
fifa,copa_america,2024,Chile,26.0,0.03846,0.03263,0
fifa,copa_america,2024,Ecuador,34.0,0.02941,0.02495,0
fifa,copa_america,2024,Venezuela,29.0,0.03448,0.02925,0
fifa,copa_america,2024,Peru,51.0,0.01961,0.01663,0
fifa,copa_america,2024,Paraguay,81.0,0.01235,0.01047,0
fifa,copa_america,2024,Canada,67.0,0.01493,0.01266,0
fifa,copa_america,2024,Panama,101.0,0.0099,0.0084,0
fifa,copa_america,2024,Costa Rica,151.0,0.00662,0.00562,0
fifa,copa_america,2024,Jamaica,151.0,0.00662,0.00562,0
fifa,copa_america,2024,Bolivia,251.0,0.00398,0.00338,0
nba,nba_finals,2010,Lakers,2.75,0.36364,0.31024,1
nba,nba_finals,2010,Cavaliers,3.5,0.28571,0.24376,0
nba,nba_finals,2010,Celtics,7.0,0.14286,0.12188,0
nba,nba_finals,2010,Magic,8.0,0.125,0.10665,0
nba,nba_finals,2010,Spurs,10.0,0.1,0.08532,0
nba,nba_finals,2010,Nuggets,15.0,0.06667,0.05688,0
nba,nba_finals,2010,Mavericks,17.0,0.05882,0.05019,0
nba,nba_finals,2010,Suns,34.0,0.02941,0.02509,0
nba,nba_finals,2011,Heat,2.5,0.4,0.33742,0
nba,nba_finals,2011,Lakers,4.0,0.25,0.21089,0
nba,nba_finals,2011,Celtics,6.0,0.16667,0.14059,0
nba,nba_finals,2011,Magic,11.0,0.09091,0.07669,0
nba,nba_finals,2011,Spurs,15.0,0.06667,0.05624,0
nba,nba_finals,2011,Bulls,11.0,0.09091,0.07669,0
nba,nba_finals,2011,Mavericks,34.0,0.02941,0.02481,1
nba,nba_finals,2011,Thunder,11.0,0.09091,0.07669,0
nba,nba_finals,2012,Heat,2.6,0.38462,0.35868,1
nba,nba_finals,2012,Bulls,6.0,0.16667,0.15543,0
nba,nba_finals,2012,Lakers,9.0,0.11111,0.10362,0
nba,nba_finals,2012,Thunder,6.5,0.15385,0.14347,0
nba,nba_finals,2012,Celtics,13.0,0.07692,0.07174,0
nba,nba_finals,2012,Mavericks,17.0,0.05882,0.05486,0
nba,nba_finals,2012,Spurs,11.0,0.09091,0.08478,0
nba,nba_finals,2012,Nuggets,34.0,0.02941,0.02743,0
nba,nba_finals,2013,Heat,2.0,0.5,0.41027,1
nba,nba_finals,2013,Thunder,4.5,0.22222,0.18234,0
nba,nba_finals,2013,Lakers,8.0,0.125,0.10257,0
nba,nba_finals,2013,Spurs,9.0,0.11111,0.09117,0
nba,nba_finals,2013,Bulls,10.0,0.1,0.08205,0
nba,nba_finals,2013,Clippers,12.0,0.08333,0.06838,0
nba,nba_finals,2013,Nuggets,21.0,0.04762,0.03907,0
nba,nba_finals,2013,Knicks,34.0,0.02941,0.02413,0
nba,nba_finals,2014,Heat,2.4,0.41667,0.37996,0
nba,nba_finals,2014,Thunder,5.0,0.2,0.18238,0
nba,nba_finals,2014,Bulls,8.0,0.125,0.11399,0
nba,nba_finals,2014,Clippers,11.0,0.09091,0.0829,0
nba,nba_finals,2014,Pacers,11.0,0.09091,0.0829,0
nba,nba_finals,2014,Spurs,15.0,0.06667,0.06079,1
nba,nba_finals,2014,Nets,17.0,0.05882,0.05364,0
nba,nba_finals,2014,Rockets,21.0,0.04762,0.04342,0
nba,nba_finals,2015,Cavaliers,3.0,0.33333,0.36111,0
nba,nba_finals,2015,Bulls,9.0,0.11111,0.12037,0
nba,nba_finals,2015,Spurs,8.0,0.125,0.13541,0
nba,nba_finals,2015,Thunder,8.5,0.11765,0.12745,0
nba,nba_finals,2015,Warriors,17.0,0.05882,0.06372,1
nba,nba_finals,2015,Clippers,13.0,0.07692,0.08333,0
nba,nba_finals,2015,Rockets,19.0,0.05263,0.05702,0
nba,nba_finals,2015,Heat,21.0,0.04762,0.05159,0
nba,nba_finals,2016,Warriors,2.2,0.45455,0.4653,0
nba,nba_finals,2016,Cavaliers,6.0,0.16667,0.17061,1
nba,nba_finals,2016,Spurs,8.5,0.11765,0.12043,0
nba,nba_finals,2016,Thunder,11.0,0.09091,0.09306,0
nba,nba_finals,2016,Clippers,17.0,0.05882,0.06022,0
nba,nba_finals,2016,Bulls,29.0,0.03448,0.0353,0
nba,nba_finals,2016,Rockets,41.0,0.02439,0.02497,0
nba,nba_finals,2016,Hawks,34.0,0.02941,0.03011,0
nba,nba_finals,2017,Warriors,1.85,0.54054,0.46061,1
nba,nba_finals,2017,Cavaliers,3.5,0.28571,0.24347,0
nba,nba_finals,2017,Spurs,11.0,0.09091,0.07747,0
nba,nba_finals,2017,Thunder,21.0,0.04762,0.04058,0
nba,nba_finals,2017,Celtics,17.0,0.05882,0.05013,0
nba,nba_finals,2017,Clippers,17.0,0.05882,0.05013,0
nba,nba_finals,2017,Rockets,21.0,0.04762,0.04058,0
nba,nba_finals,2017,Raptors,23.0,0.04348,0.03705,0
nba,nba_finals,2018,Warriors,1.7,0.58824,0.51286,1
nba,nba_finals,2018,Rockets,6.5,0.15385,0.13413,0
nba,nba_finals,2018,Cavaliers,8.5,0.11765,0.10257,0
nba,nba_finals,2018,Celtics,11.0,0.09091,0.07926,0
nba,nba_finals,2018,Thunder,15.0,0.06667,0.05812,0
nba,nba_finals,2018,Spurs,19.0,0.05263,0.04589,0
nba,nba_finals,2018,Wolves,34.0,0.02941,0.02564,0
nba,nba_finals,2018,Raptors,21.0,0.04762,0.04152,0
nba,nba_finals,2019,Warriors,1.7,0.58824,0.56273,0
nba,nba_finals,2019,Celtics,8.0,0.125,0.11958,0
nba,nba_finals,2019,Lakers,11.0,0.09091,0.08697,0
nba,nba_finals,2019,Bucks,15.0,0.06667,0.06378,0
nba,nba_finals,2019,Rockets,15.0,0.06667,0.06378,0
nba,nba_finals,2019,Sixers,17.0,0.05882,0.05627,0
nba,nba_finals,2019,Raptors,34.0,0.02941,0.02814,1
nba,nba_finals,2019,Nuggets,51.0,0.01961,0.01876,0
nba,nba_finals,2020,Lakers,7.0,0.14286,0.15406,1
nba,nba_finals,2020,Bucks,4.5,0.22222,0.23965,0
nba,nba_finals,2020,Clippers,4.0,0.25,0.26961,0
nba,nba_finals,2020,Sixers,11.0,0.09091,0.09804,0
nba,nba_finals,2020,Rockets,21.0,0.04762,0.05135,0
nba,nba_finals,2020,Celtics,17.0,0.05882,0.06344,0
nba,nba_finals,2020,Nuggets,21.0,0.04762,0.05135,0
nba,nba_finals,2020,Heat,51.0,0.01961,0.02115,0
nba,nba_finals,2020,Raptors,21.0,0.04762,0.05135,0
nba,nba_finals,2021,Lakers,4.0,0.25,0.33153,0
nba,nba_finals,2021,Nets,5.5,0.18182,0.24111,0
nba,nba_finals,2021,Bucks,15.0,0.06667,0.08841,1
nba,nba_finals,2021,Clippers,12.0,0.08333,0.11051,0
nba,nba_finals,2021,Heat,21.0,0.04762,0.06315,0
nba,nba_finals,2021,Sixers,19.0,0.05263,0.0698,0
nba,nba_finals,2021,Nuggets,21.0,0.04762,0.06315,0
nba,nba_finals,2021,Suns,41.0,0.02439,0.03234,0
nba,nba_finals,2022,Nets,6.5,0.15385,0.19641,0
nba,nba_finals,2022,Lakers,12.0,0.08333,0.10639,0
nba,nba_finals,2022,Bucks,6.0,0.16667,0.21278,0
nba,nba_finals,2022,Warriors,15.0,0.06667,0.08511,1
nba,nba_finals,2022,Suns,11.0,0.09091,0.11606,0
nba,nba_finals,2022,Heat,12.0,0.08333,0.10639,0
nba,nba_finals,2022,Sixers,11.0,0.09091,0.11606,0
nba,nba_finals,2022,Nuggets,21.0,0.04762,0.06079,0
nba,nba_finals,2023,Bucks,6.0,0.16667,0.21195,0
nba,nba_finals,2023,Celtics,6.5,0.15385,0.19564,0
nba,nba_finals,2023,Warriors,8.0,0.125,0.15896,0
nba,nba_finals,2023,Suns,11.0,0.09091,0.11561,0
nba,nba_finals,2023,Nuggets,13.0,0.07692,0.09782,1
nba,nba_finals,2023,Sixers,11.0,0.09091,0.11561,0
nba,nba_finals,2023,Heat,29.0,0.03448,0.04385,0
nba,nba_finals,2023,Lakers,21.0,0.04762,0.06056,0
nba,nba_finals,2024,Celtics,4.0,0.25,0.25827,1
nba,nba_finals,2024,Nuggets,5.0,0.2,0.20661,0
nba,nba_finals,2024,Bucks,7.0,0.14286,0.14758,0
nba,nba_finals,2024,Suns,9.0,0.11111,0.11479,0
nba,nba_finals,2024,Mavericks,17.0,0.05882,0.06077,0
nba,nba_finals,2024,Thunder,11.0,0.09091,0.09392,0
nba,nba_finals,2024,Wolves,15.0,0.06667,0.06887,0
nba,nba_finals,2024,Knicks,21.0,0.04762,0.04919,0
nhl,stanley_cup,2010,Penguins,8.0,0.125,0.17768,0
nhl,stanley_cup,2010,Red Wings,8.0,0.125,0.17768,0
nhl,stanley_cup,2010,Capitals,9.0,0.11111,0.15794,0
nhl,stanley_cup,2010,Blackhawks,12.0,0.08333,0.11845,1
nhl,stanley_cup,2010,Sharks,10.0,0.1,0.14214,0
nhl,stanley_cup,2010,Bruins,17.0,0.05882,0.08361,0
nhl,stanley_cup,2010,Devils,19.0,0.05263,0.07481,0
nhl,stanley_cup,2010,Flyers,21.0,0.04762,0.06769,0
nhl,stanley_cup,2011,Capitals,7.0,0.14286,0.1891,0
nhl,stanley_cup,2011,Penguins,9.0,0.11111,0.14708,0
nhl,stanley_cup,2011,Sharks,9.0,0.11111,0.14708,0
nhl,stanley_cup,2011,Blackhawks,11.0,0.09091,0.12034,0
nhl,stanley_cup,2011,Red Wings,11.0,0.09091,0.12034,0
nhl,stanley_cup,2011,Canucks,11.0,0.09091,0.12034,0
nhl,stanley_cup,2011,Bruins,17.0,0.05882,0.07787,1
nhl,stanley_cup,2011,Flyers,17.0,0.05882,0.07787,0
nhl,stanley_cup,2012,Penguins,8.0,0.125,0.18004,0
nhl,stanley_cup,2012,Rangers,9.0,0.11111,0.16003,0
nhl,stanley_cup,2012,Bruins,9.0,0.11111,0.16003,0
nhl,stanley_cup,2012,Canucks,11.0,0.09091,0.13094,0
nhl,stanley_cup,2012,Red Wings,11.0,0.09091,0.13094,0
nhl,stanley_cup,2012,Kings,17.0,0.05882,0.08472,1
nhl,stanley_cup,2012,Capitals,17.0,0.05882,0.08472,0
nhl,stanley_cup,2012,Predators,21.0,0.04762,0.06859,0
nhl,stanley_cup,2013,Penguins,7.5,0.13333,0.19897,0
nhl,stanley_cup,2013,Blackhawks,9.0,0.11111,0.16581,1
nhl,stanley_cup,2013,Rangers,11.0,0.09091,0.13566,0
nhl,stanley_cup,2013,Kings,13.0,0.07692,0.11479,0
nhl,stanley_cup,2013,Bruins,11.0,0.09091,0.13566,0
nhl,stanley_cup,2013,Canucks,15.0,0.06667,0.09949,0
nhl,stanley_cup,2013,Capitals,19.0,0.05263,0.07854,0
nhl,stanley_cup,2013,Red Wings,21.0,0.04762,0.07106,0
nhl,stanley_cup,2014,Blackhawks,7.0,0.14286,0.18843,0
nhl,stanley_cup,2014,Penguins,8.0,0.125,0.16488,0
nhl,stanley_cup,2014,Bruins,9.0,0.11111,0.14656,0
nhl,stanley_cup,2014,Rangers,11.0,0.09091,0.11991,0
nhl,stanley_cup,2014,Kings,11.0,0.09091,0.11991,1
nhl,stanley_cup,2014,Sharks,11.0,0.09091,0.11991,0
nhl,stanley_cup,2014,Capitals,17.0,0.05882,0.07759,0
nhl,stanley_cup,2014,Red Wings,21.0,0.04762,0.06281,0
nhl,stanley_cup,2015,Blackhawks,8.0,0.125,0.17537,1
nhl,stanley_cup,2015,Bruins,9.0,0.11111,0.15589,0
nhl,stanley_cup,2015,Penguins,10.0,0.1,0.1403,0
nhl,stanley_cup,2015,Kings,11.0,0.09091,0.12754,0
nhl,stanley_cup,2015,Lightning,13.0,0.07692,0.10792,0
nhl,stanley_cup,2015,Rangers,12.0,0.08333,0.11692,0
nhl,stanley_cup,2015,Ducks,15.0,0.06667,0.09353,0
nhl,stanley_cup,2015,Capitals,17.0,0.05882,0.08253,0
nhl,stanley_cup,2016,Blackhawks,7.0,0.14286,0.21234,0
nhl,stanley_cup,2016,Capitals,9.0,0.11111,0.16515,0
nhl,stanley_cup,2016,Penguins,11.0,0.09091,0.13512,1
nhl,stanley_cup,2016,Lightning,13.0,0.07692,0.11434,0
nhl,stanley_cup,2016,Stars,15.0,0.06667,0.09909,0
nhl,stanley_cup,2016,Rangers,15.0,0.06667,0.09909,0
nhl,stanley_cup,2016,Kings,17.0,0.05882,0.08743,0
nhl,stanley_cup,2016,Bruins,17.0,0.05882,0.08743,0
nhl,stanley_cup,2017,Penguins,8.0,0.125,0.20955,1
nhl,stanley_cup,2017,Capitals,9.0,0.11111,0.18627,0
nhl,stanley_cup,2017,Blackhawks,10.0,0.1,0.16764,0
nhl,stanley_cup,2017,Lightning,13.0,0.07692,0.12896,0
nhl,stanley_cup,2017,Predators,21.0,0.04762,0.07983,0
nhl,stanley_cup,2017,Rangers,17.0,0.05882,0.09861,0
nhl,stanley_cup,2017,Wild,21.0,0.04762,0.07983,0
nhl,stanley_cup,2017,Senators,34.0,0.02941,0.04931,0
nhl,stanley_cup,2018,Penguins,8.0,0.125,0.18939,0
nhl,stanley_cup,2018,Predators,8.0,0.125,0.18939,0
nhl,stanley_cup,2018,Capitals,13.0,0.07692,0.11655,1
nhl,stanley_cup,2018,Lightning,11.0,0.09091,0.13774,0
nhl,stanley_cup,2018,Blackhawks,13.0,0.07692,0.11655,0
nhl,stanley_cup,2018,Bruins,17.0,0.05882,0.08912,0
nhl,stanley_cup,2018,Maple Leafs,17.0,0.05882,0.08912,0
nhl,stanley_cup,2018,Jets,21.0,0.04762,0.07215,0
nhl,stanley_cup,2019,Predators,10.0,0.1,0.15936,0
nhl,stanley_cup,2019,Lightning,8.0,0.125,0.1992,0
nhl,stanley_cup,2019,Bruins,11.0,0.09091,0.14487,0
nhl,stanley_cup,2019,Maple Leafs,13.0,0.07692,0.12259,0
nhl,stanley_cup,2019,Capitals,13.0,0.07692,0.12259,0
nhl,stanley_cup,2019,Jets,15.0,0.06667,0.10624,0
nhl,stanley_cup,2019,Blues,31.0,0.03226,0.05141,1
nhl,stanley_cup,2019,Sharks,17.0,0.05882,0.09374,0
nhl,stanley_cup,2020,Lightning,10.0,0.1,0.15682,1
nhl,stanley_cup,2020,Bruins,9.0,0.11111,0.17425,0
nhl,stanley_cup,2020,Avalanche,11.0,0.09091,0.14256,0
nhl,stanley_cup,2020,Maple Leafs,13.0,0.07692,0.12063,0
nhl,stanley_cup,2020,Capitals,15.0,0.06667,0.10455,0
nhl,stanley_cup,2020,Stars,29.0,0.03448,0.05408,0
nhl,stanley_cup,2020,Blues,15.0,0.06667,0.10455,0
nhl,stanley_cup,2020,Golden Knights,11.0,0.09091,0.14256,0
nhl,stanley_cup,2021,Lightning,9.0,0.11111,0.17302,1
nhl,stanley_cup,2021,Avalanche,9.0,0.11111,0.17302,0
nhl,stanley_cup,2021,Golden Knights,9.0,0.11111,0.17302,0
nhl,stanley_cup,2021,Bruins,13.0,0.07692,0.11978,0
nhl,stanley_cup,2021,Maple Leafs,15.0,0.06667,0.10381,0
nhl,stanley_cup,2021,Penguins,17.0,0.05882,0.0916,0
nhl,stanley_cup,2021,Capitals,17.0,0.05882,0.0916,0
nhl,stanley_cup,2021,Stars,21.0,0.04762,0.07415,0
nhl,stanley_cup,2022,Avalanche,8.0,0.125,0.18507,1
nhl,stanley_cup,2022,Lightning,9.0,0.11111,0.1645,0
nhl,stanley_cup,2022,Maple Leafs,13.0,0.07692,0.11389,0
nhl,stanley_cup,2022,Hurricanes,11.0,0.09091,0.13459,0
nhl,stanley_cup,2022,Golden Knights,13.0,0.07692,0.11389,0
nhl,stanley_cup,2022,Panthers,13.0,0.07692,0.11389,0
nhl,stanley_cup,2022,Oilers,17.0,0.05882,0.08709,0
nhl,stanley_cup,2022,Rangers,17.0,0.05882,0.08709,0
nhl,stanley_cup,2023,Avalanche,8.0,0.125,0.20265,0
nhl,stanley_cup,2023,Oilers,10.0,0.1,0.16212,0
nhl,stanley_cup,2023,Maple Leafs,11.0,0.09091,0.14738,0
nhl,stanley_cup,2023,Hurricanes,13.0,0.07692,0.12471,0
nhl,stanley_cup,2023,Lightning,13.0,0.07692,0.12471,0
nhl,stanley_cup,2023,Golden Knights,17.0,0.05882,0.09537,1
nhl,stanley_cup,2023,Stars,17.0,0.05882,0.09537,0
nhl,stanley_cup,2023,Panthers,34.0,0.02941,0.04768,0
nhl,stanley_cup,2024,Avalanche,9.0,0.11111,0.14614,0
nhl,stanley_cup,2024,Oilers,9.0,0.11111,0.14614,0
nhl,stanley_cup,2024,Hurricanes,11.0,0.09091,0.11957,0
nhl,stanley_cup,2024,Stars,11.0,0.09091,0.11957,0
nhl,stanley_cup,2024,Maple Leafs,13.0,0.07692,0.10117,0
nhl,stanley_cup,2024,Panthers,13.0,0.07692,0.10117,1
nhl,stanley_cup,2024,Rangers,17.0,0.05882,0.07737,0
nhl,stanley_cup,2024,Bruins,15.0,0.06667,0.08768,0
nhl,stanley_cup,2024,Golden Knights,13.0,0.07692,0.10117,0
nfl,super_bowl,2010,Patriots,7.0,0.14286,0.20234,0
nfl,super_bowl,2010,Steelers,9.0,0.11111,0.15738,0
nfl,super_bowl,2010,Saints,15.0,0.06667,0.09443,1
nfl,super_bowl,2010,Vikings,13.0,0.07692,0.10895,0
nfl,super_bowl,2010,Cowboys,17.0,0.05882,0.08332,0
nfl,super_bowl,2010,Colts,9.0,0.11111,0.15738,0
nfl,super_bowl,2010,Eagles,21.0,0.04762,0.06745,0
nfl,super_bowl,2010,Chargers,11.0,0.09091,0.12876,0
nfl,super_bowl,2011,Patriots,7.0,0.14286,0.18903,0
nfl,super_bowl,2011,Colts,9.0,0.11111,0.14703,0
nfl,super_bowl,2011,Saints,11.0,0.09091,0.12029,0
nfl,super_bowl,2011,Steelers,9.0,0.11111,0.14703,0
nfl,super_bowl,2011,Packers,11.0,0.09091,0.12029,1
nfl,super_bowl,2011,Chargers,12.0,0.08333,0.11027,0
nfl,super_bowl,2011,Vikings,17.0,0.05882,0.07784,0
nfl,super_bowl,2011,Cowboys,15.0,0.06667,0.08822,0
nfl,super_bowl,2012,Packers,6.0,0.16667,0.20831,0
nfl,super_bowl,2012,Patriots,7.0,0.14286,0.17856,0
nfl,super_bowl,2012,Steelers,9.0,0.11111,0.13888,0
nfl,super_bowl,2012,Saints,11.0,0.09091,0.11363,0
nfl,super_bowl,2012,Giants,21.0,0.04762,0.05952,1
nfl,super_bowl,2012,Eagles,11.0,0.09091,0.11363,0
nfl,super_bowl,2012,Ravens,12.0,0.08333,0.10416,0
nfl,super_bowl,2012,Jets,15.0,0.06667,0.08333,0
nfl,super_bowl,2013,Patriots,7.0,0.14286,0.18067,0
nfl,super_bowl,2013,49ers,7.5,0.13333,0.16863,0
nfl,super_bowl,2013,Packers,8.0,0.125,0.15809,0
nfl,super_bowl,2013,Broncos,8.5,0.11765,0.14879,0
nfl,super_bowl,2013,Ravens,21.0,0.04762,0.06022,1
nfl,super_bowl,2013,Texans,11.0,0.09091,0.11497,0
nfl,super_bowl,2013,Falcons,15.0,0.06667,0.08431,0
nfl,super_bowl,2013,Steelers,15.0,0.06667,0.08431,0
nfl,super_bowl,2014,Broncos,7.0,0.14286,0.18276,0
nfl,super_bowl,2014,Seahawks,9.0,0.11111,0.14214,1
nfl,super_bowl,2014,49ers,7.5,0.13333,0.17057,0
nfl,super_bowl,2014,Patriots,9.0,0.11111,0.14214,0
nfl,super_bowl,2014,Packers,9.0,0.11111,0.14214,0
nfl,super_bowl,2014,Saints,13.0,0.07692,0.09841,0
nfl,super_bowl,2014,Bengals,21.0,0.04762,0.06092,0
nfl,super_bowl,2014,Eagles,21.0,0.04762,0.06092,0
nfl,super_bowl,2015,Seahawks,6.0,0.16667,0.20387,0
nfl,super_bowl,2015,Patriots,7.5,0.13333,0.1631,1
nfl,super_bowl,2015,Packers,8.0,0.125,0.15291,0
nfl,super_bowl,2015,Broncos,9.0,0.11111,0.13592,0
nfl,super_bowl,2015,Cowboys,19.0,0.05263,0.06438,0
nfl,super_bowl,2015,Colts,9.0,0.11111,0.13592,0
nfl,super_bowl,2015,Ravens,17.0,0.05882,0.07196,0
nfl,super_bowl,2015,Eagles,17.0,0.05882,0.07196,0
nfl,super_bowl,2016,Patriots,7.0,0.14286,0.19352,0
nfl,super_bowl,2016,Packers,9.0,0.11111,0.15052,0
nfl,super_bowl,2016,Seahawks,10.0,0.1,0.13546,0
nfl,super_bowl,2016,Steelers,13.0,0.07692,0.1042,0
nfl,super_bowl,2016,Broncos,11.0,0.09091,0.12315,1
nfl,super_bowl,2016,Cardinals,11.0,0.09091,0.12315,0
nfl,super_bowl,2016,Bengals,15.0,0.06667,0.09031,0
nfl,super_bowl,2016,Panthers,17.0,0.05882,0.07969,0
nfl,super_bowl,2017,Patriots,5.5,0.18182,0.2548,1
nfl,super_bowl,2017,Seahawks,9.0,0.11111,0.15571,0
nfl,super_bowl,2017,Packers,11.0,0.09091,0.1274,0
nfl,super_bowl,2017,Steelers,11.0,0.09091,0.1274,0
nfl,super_bowl,2017,Falcons,21.0,0.04762,0.06673,0
nfl,super_bowl,2017,Cowboys,21.0,0.04762,0.06673,0
nfl,super_bowl,2017,Raiders,13.0,0.07692,0.1078,0
nfl,super_bowl,2017,Broncos,15.0,0.06667,0.09343,0
nfl,super_bowl,2018,Patriots,5.0,0.2,0.27375,0
nfl,super_bowl,2018,Eagles,11.0,0.09091,0.12443,1
nfl,super_bowl,2018,Packers,11.0,0.09091,0.12443,0
nfl,super_bowl,2018,Steelers,11.0,0.09091,0.12443,0
nfl,super_bowl,2018,Falcons,13.0,0.07692,0.10529,0
nfl,super_bowl,2018,Vikings,15.0,0.06667,0.09125,0
nfl,super_bowl,2018,Seahawks,15.0,0.06667,0.09125,0
nfl,super_bowl,2018,Saints,21.0,0.04762,0.06518,0
nfl,super_bowl,2019,Patriots,7.5,0.13333,0.19179,1
nfl,super_bowl,2019,Rams,8.5,0.11765,0.16923,0
nfl,super_bowl,2019,Chiefs,9.0,0.11111,0.15983,0
nfl,super_bowl,2019,Saints,11.0,0.09091,0.13077,0
nfl,super_bowl,2019,Eagles,13.0,0.07692,0.11065,0
nfl,super_bowl,2019,Bears,17.0,0.05882,0.08462,0
nfl,super_bowl,2019,Chargers,17.0,0.05882,0.08462,0
nfl,super_bowl,2019,Cowboys,21.0,0.04762,0.0685,0
nfl,super_bowl,2020,Chiefs,6.5,0.15385,0.19706,1
nfl,super_bowl,2020,Ravens,8.0,0.125,0.16011,0
nfl,super_bowl,2020,Patriots,10.0,0.1,0.12809,0
nfl,super_bowl,2020,49ers,8.0,0.125,0.16011,0
nfl,super_bowl,2020,Saints,11.0,0.09091,0.11644,0
nfl,super_bowl,2020,Packers,15.0,0.06667,0.08539,0
nfl,super_bowl,2020,Seahawks,15.0,0.06667,0.08539,0
nfl,super_bowl,2020,Cowboys,19.0,0.05263,0.06741,0
nfl,super_bowl,2021,Chiefs,6.0,0.16667,0.23728,0
nfl,super_bowl,2021,Bucs,12.0,0.08333,0.11864,1
nfl,super_bowl,2021,Ravens,10.0,0.1,0.14237,0
nfl,super_bowl,2021,Saints,12.0,0.08333,0.11864,0
nfl,super_bowl,2021,49ers,13.0,0.07692,0.10951,0
nfl,super_bowl,2021,Packers,15.0,0.06667,0.09491,0
nfl,super_bowl,2021,Bills,15.0,0.06667,0.09491,0
nfl,super_bowl,2021,Seahawks,17.0,0.05882,0.08374,0
nfl,super_bowl,2022,Chiefs,8.5,0.11765,0.15824,0
nfl,super_bowl,2022,Bills,7.0,0.14286,0.19215,0
nfl,super_bowl,2022,Bucs,9.0,0.11111,0.14945,0
nfl,super_bowl,2022,Packers,10.0,0.1,0.1345,0
nfl,super_bowl,2022,Rams,11.0,0.09091,0.12228,1
nfl,super_bowl,2022,Cowboys,21.0,0.04762,0.06405,0
nfl,super_bowl,2022,Ravens,15.0,0.06667,0.08967,0
nfl,super_bowl,2022,49ers,15.0,0.06667,0.08967,0
nfl,super_bowl,2023,Bills,7.0,0.14286,0.18748,0
nfl,super_bowl,2023,Chiefs,8.5,0.11765,0.15439,1
nfl,super_bowl,2023,Eagles,9.0,0.11111,0.14582,0
nfl,super_bowl,2023,49ers,11.0,0.09091,0.1193,0
nfl,super_bowl,2023,Bucs,17.0,0.05882,0.0772,0
nfl,super_bowl,2023,Bengals,11.0,0.09091,0.1193,0
nfl,super_bowl,2023,Cowboys,17.0,0.05882,0.0772,0
nfl,super_bowl,2023,Ravens,11.0,0.09091,0.1193,0
nfl,super_bowl,2024,Chiefs,6.5,0.15385,0.20269,1
nfl,super_bowl,2024,49ers,7.0,0.14286,0.18821,0
nfl,super_bowl,2024,Bills,9.0,0.11111,0.14639,0
nfl,super_bowl,2024,Eagles,11.0,0.09091,0.11977,0
nfl,super_bowl,2024,Cowboys,13.0,0.07692,0.10135,0
nfl,super_bowl,2024,Bengals,13.0,0.07692,0.10135,0
nfl,super_bowl,2024,Lions,21.0,0.04762,0.06274,0
nfl,super_bowl,2024,Ravens,17.0,0.05882,0.0775,0
tennis,wimbledon_mens,2015,Djokovic,1.7,0.58824,0.52058,1
tennis,wimbledon_mens,2015,Federer,5.0,0.2,0.177,0
tennis,wimbledon_mens,2015,Murray,6.0,0.16667,0.1475,0
tennis,wimbledon_mens,2015,Wawrinka,17.0,0.05882,0.05206,0
tennis,wimbledon_mens,2015,Nadal,21.0,0.04762,0.04214,0
tennis,wimbledon_mens,2015,Berdych,34.0,0.02941,0.02603,0
tennis,wimbledon_mens,2015,Raonic,51.0,0.01961,0.01735,0
tennis,wimbledon_mens,2015,Cilic,51.0,0.01961,0.01735,0
tennis,wimbledon_mens,2016,Djokovic,1.5,0.66667,0.53851,0
tennis,wimbledon_mens,2016,Murray,4.5,0.22222,0.1795,1
tennis,wimbledon_mens,2016,Federer,8.0,0.125,0.10097,0
tennis,wimbledon_mens,2016,Nadal,17.0,0.05882,0.04752,0
tennis,wimbledon_mens,2016,Wawrinka,17.0,0.05882,0.04752,0
tennis,wimbledon_mens,2016,Raonic,21.0,0.04762,0.03847,0
tennis,wimbledon_mens,2016,Cilic,34.0,0.02941,0.02376,0
tennis,wimbledon_mens,2016,Thiem,34.0,0.02941,0.02376,0
tennis,wimbledon_mens,2017,Murray,4.0,0.25,0.2567,0
tennis,wimbledon_mens,2017,Djokovic,5.0,0.2,0.20536,0
tennis,wimbledon_mens,2017,Federer,5.5,0.18182,0.18669,1
tennis,wimbledon_mens,2017,Nadal,9.0,0.11111,0.11409,0
tennis,wimbledon_mens,2017,Wawrinka,13.0,0.07692,0.07898,0
tennis,wimbledon_mens,2017,Cilic,17.0,0.05882,0.0604,0
tennis,wimbledon_mens,2017,Zverev,21.0,0.04762,0.04889,0
tennis,wimbledon_mens,2017,Thiem,21.0,0.04762,0.04889,0
tennis,wimbledon_mens,2018,Federer,2.5,0.4,0.38169,0
tennis,wimbledon_mens,2018,Nadal,5.5,0.18182,0.17349,0
tennis,wimbledon_mens,2018,Djokovic,7.5,0.13333,0.12723,1
tennis,wimbledon_mens,2018,Cilic,9.0,0.11111,0.10602,0
tennis,wimbledon_mens,2018,Zverev,13.0,0.07692,0.0734,0
tennis,wimbledon_mens,2018,Del Potro,13.0,0.07692,0.0734,0
tennis,wimbledon_mens,2018,Anderson,34.0,0.02941,0.02807,0
tennis,wimbledon_mens,2018,Thiem,26.0,0.03846,0.0367,0
tennis,wimbledon_mens,2019,Djokovic,2.5,0.4,0.37785,1
tennis,wimbledon_mens,2019,Federer,3.5,0.28571,0.26989,0
tennis,wimbledon_mens,2019,Nadal,5.0,0.2,0.18892,0
tennis,wimbledon_mens,2019,Tsitsipas,21.0,0.04762,0.04498,0
tennis,wimbledon_mens,2019,Zverev,21.0,0.04762,0.04498,0
tennis,wimbledon_mens,2019,Thiem,26.0,0.03846,0.03633,0
tennis,wimbledon_mens,2019,Medvedev,51.0,0.01961,0.01852,0
tennis,wimbledon_mens,2019,Nishikori,51.0,0.01961,0.01852,0
tennis,wimbledon_mens,2021,Djokovic,1.9,0.52632,0.53018,1
tennis,wimbledon_mens,2021,Federer,8.0,0.125,0.12592,0
tennis,wimbledon_mens,2021,Nadal,11.0,0.09091,0.09158,0
tennis,wimbledon_mens,2021,Medvedev,13.0,0.07692,0.07749,0
tennis,wimbledon_mens,2021,Tsitsipas,13.0,0.07692,0.07749,0
tennis,wimbledon_mens,2021,Zverev,21.0,0.04762,0.04797,0
tennis,wimbledon_mens,2021,Berrettini,34.0,0.02941,0.02963,0
tennis,wimbledon_mens,2021,Shapovalov,51.0,0.01961,0.01975,0
tennis,wimbledon_mens,2022,Djokovic,2.0,0.5,0.44226,1
tennis,wimbledon_mens,2022,Nadal,4.0,0.25,0.22113,0
tennis,wimbledon_mens,2022,Alcaraz,9.0,0.11111,0.09828,0
tennis,wimbledon_mens,2022,Medvedev,13.0,0.07692,0.06804,0
tennis,wimbledon_mens,2022,Tsitsipas,17.0,0.05882,0.05203,0
tennis,wimbledon_mens,2022,Berrettini,21.0,0.04762,0.04212,0
tennis,wimbledon_mens,2022,Zverev,26.0,0.03846,0.03402,0
tennis,wimbledon_mens,2022,Sinner,21.0,0.04762,0.04212,0
tennis,wimbledon_mens,2023,Djokovic,1.8,0.55556,0.4942,0
tennis,wimbledon_mens,2023,Alcaraz,3.5,0.28571,0.25416,1
tennis,wimbledon_mens,2023,Medvedev,11.0,0.09091,0.08087,0
tennis,wimbledon_mens,2023,Sinner,15.0,0.06667,0.0593,0
tennis,wimbledon_mens,2023,Rune,21.0,0.04762,0.04236,0
tennis,wimbledon_mens,2023,Tsitsipas,26.0,0.03846,0.03421,0
tennis,wimbledon_mens,2023,Fritz,51.0,0.01961,0.01744,0
tennis,wimbledon_mens,2023,Rublev,51.0,0.01961,0.01744,0
tennis,wimbledon_mens,2024,Djokovic,3.5,0.28571,0.2662,0
tennis,wimbledon_mens,2024,Alcaraz,2.6,0.38462,0.35835,1
tennis,wimbledon_mens,2024,Sinner,5.0,0.2,0.18634,0
tennis,wimbledon_mens,2024,Medvedev,13.0,0.07692,0.07167,0
tennis,wimbledon_mens,2024,Rune,21.0,0.04762,0.04437,0
tennis,wimbledon_mens,2024,Hurkacz,34.0,0.02941,0.0274,0
tennis,wimbledon_mens,2024,Zverev,34.0,0.02941,0.0274,0
tennis,wimbledon_mens,2024,Tsitsipas,51.0,0.01961,0.01827,0
tennis,wimbledon_womens,2015,Serena Williams,2.0,0.5,0.53846,1
tennis,wimbledon_womens,2015,Sharapova,8.0,0.125,0.13461,0
tennis,wimbledon_womens,2015,Halep,13.0,0.07692,0.08284,0
tennis,wimbledon_womens,2015,Kvitova,11.0,0.09091,0.0979,0
tennis,wimbledon_womens,2015,Wozniacki,26.0,0.03846,0.04142,0
tennis,wimbledon_womens,2015,Radwanska,26.0,0.03846,0.04142,0
tennis,wimbledon_womens,2015,Bouchard,34.0,0.02941,0.03167,0
tennis,wimbledon_womens,2015,Azarenka,34.0,0.02941,0.03167,0
tennis,wimbledon_womens,2016,Serena Williams,2.5,0.4,0.43909,1
tennis,wimbledon_womens,2016,Kerber,6.0,0.16667,0.18296,0
tennis,wimbledon_womens,2016,Halep,13.0,0.07692,0.08444,0
tennis,wimbledon_womens,2016,Muguruza,11.0,0.09091,0.09979,0
tennis,wimbledon_womens,2016,Radwanska,17.0,0.05882,0.06457,0
tennis,wimbledon_womens,2016,Kvitova,17.0,0.05882,0.06457,0
tennis,wimbledon_womens,2016,Williams (V.),34.0,0.02941,0.03229,0
tennis,wimbledon_womens,2016,Pliskova,34.0,0.02941,0.03229,0
tennis,wimbledon_womens,2017,Kerber,5.0,0.2,0.23697,0
tennis,wimbledon_womens,2017,Pliskova,7.0,0.14286,0.16926,0
tennis,wimbledon_womens,2017,Halep,7.0,0.14286,0.16926,0
tennis,wimbledon_womens,2017,Konta,11.0,0.09091,0.10771,0
tennis,wimbledon_womens,2017,Muguruza,11.0,0.09091,0.10771,1
tennis,wimbledon_womens,2017,Williams (V.),17.0,0.05882,0.0697,0
tennis,wimbledon_womens,2017,Wozniacki,17.0,0.05882,0.0697,0
tennis,wimbledon_womens,2017,Svitolina,17.0,0.05882,0.0697,0
tennis,wimbledon_womens,2018,Halep,5.0,0.2,0.27029,0
tennis,wimbledon_womens,2018,Wozniacki,9.0,0.11111,0.15016,0
tennis,wimbledon_womens,2018,Kvitova,11.0,0.09091,0.12286,0
tennis,wimbledon_womens,2018,Pliskova,11.0,0.09091,0.12286,0
tennis,wimbledon_womens,2018,Stephens,17.0,0.05882,0.0795,0
tennis,wimbledon_womens,2018,Muguruza,11.0,0.09091,0.12286,0
tennis,wimbledon_womens,2018,Kerber,17.0,0.05882,0.0795,1
tennis,wimbledon_womens,2018,Sharapova,26.0,0.03846,0.05198,0
tennis,wimbledon_womens,2019,Barty,7.0,0.14286,0.18133,0
tennis,wimbledon_womens,2019,Halep,9.0,0.11111,0.14104,1
tennis,wimbledon_womens,2019,Serena Williams,6.0,0.16667,0.21156,0
tennis,wimbledon_womens,2019,Pliskova,11.0,0.09091,0.11539,0
tennis,wimbledon_womens,2019,Osaka,9.0,0.11111,0.14104,0
tennis,wimbledon_womens,2019,Kvitova,13.0,0.07692,0.09764,0
tennis,wimbledon_womens,2019,Kerber,17.0,0.05882,0.07467,0
tennis,wimbledon_womens,2019,Andreescu,34.0,0.02941,0.03733,0
tennis,wimbledon_womens,2021,Barty,5.0,0.2,0.24187,1
tennis,wimbledon_womens,2021,Osaka,7.0,0.14286,0.17276,0
tennis,wimbledon_womens,2021,Serena Williams,8.0,0.125,0.15117,0
tennis,wimbledon_womens,2021,Kenin,13.0,0.07692,0.09303,0
tennis,wimbledon_womens,2021,Sabalenka,11.0,0.09091,0.10994,0
tennis,wimbledon_womens,2021,Swiatek,15.0,0.06667,0.08062,0
tennis,wimbledon_womens,2021,Pliskova,21.0,0.04762,0.05759,0
tennis,wimbledon_womens,2021,Halep,13.0,0.07692,0.09303,0
tennis,wimbledon_womens,2022,Swiatek,3.5,0.28571,0.36685,0
tennis,wimbledon_womens,2022,Sabalenka,9.0,0.11111,0.14266,0
tennis,wimbledon_womens,2022,Pliskova,11.0,0.09091,0.11672,0
tennis,wimbledon_womens,2022,Halep,13.0,0.07692,0.09877,0
tennis,wimbledon_womens,2022,Rybakina,51.0,0.01961,0.02518,1
tennis,wimbledon_womens,2022,Jabeur,13.0,0.07692,0.09877,0
tennis,wimbledon_womens,2022,Kontaveit,17.0,0.05882,0.07553,0
tennis,wimbledon_womens,2022,Krejcikova,17.0,0.05882,0.07553,0
tennis,wimbledon_womens,2023,Swiatek,3.5,0.28571,0.33925,0
tennis,wimbledon_womens,2023,Sabalenka,6.0,0.16667,0.1979,0
tennis,wimbledon_womens,2023,Rybakina,7.0,0.14286,0.16963,0
tennis,wimbledon_womens,2023,Gauff,15.0,0.06667,0.07916,0
tennis,wimbledon_womens,2023,Pegula,21.0,0.04762,0.05654,0
tennis,wimbledon_womens,2023,Jabeur,11.0,0.09091,0.10794,0
tennis,wimbledon_womens,2023,Vondrousova,81.0,0.01235,0.01466,1
tennis,wimbledon_womens,2023,Svitolina,34.0,0.02941,0.03492,0
tennis,wimbledon_womens,2024,Swiatek,3.5,0.28571,0.32365,0
tennis,wimbledon_womens,2024,Sabalenka,5.0,0.2,0.22656,0
tennis,wimbledon_womens,2024,Rybakina,7.0,0.14286,0.16183,0
tennis,wimbledon_womens,2024,Gauff,11.0,0.09091,0.10298,0
tennis,wimbledon_womens,2024,Pegula,21.0,0.04762,0.05394,0
tennis,wimbledon_womens,2024,Krejcikova,34.0,0.02941,0.03332,1
tennis,wimbledon_womens,2024,Jabeur,15.0,0.06667,0.07552,0
tennis,wimbledon_womens,2024,Paolini,51.0,0.01961,0.02221,0
